                  epoch,           train/box_om,           train/cls_om,           train/dfl_om,           train/box_oo,           train/cls_oo,           train/dfl_oo,   metrics/precision(B),      metrics/recall(B),       metrics/mAP50(B),    metrics/mAP50-95(B),             val/box_om,             val/cls_om,             val/dfl_om,             val/box_oo,             val/cls_oo,             val/dfl_oo,                 lr/pg0,                 lr/pg1,                 lr/pg2
                      1,                 1.2696,                 3.9443,                  1.244,                 1.3005,                 4.1754,                 1.1603,                0.00525,                0.57417,                0.12324,                0.08661,                 1.1999,                 3.7756,                 1.1206,                 1.1767,                 4.2378,                  1.048,              0.0032911,              0.0032911,              0.0032911
                      2,                 1.4181,                 2.8228,                 1.3423,                  1.414,                  3.197,                  1.222,                0.39181,                0.19188,                0.14613,                 0.0786,                 1.7282,                 2.8032,                 1.6233,                 1.6413,                 3.5233,                 1.4238,              0.0066114,              0.0066114,              0.0066114
                      3,                 1.6106,                 2.5942,                 1.4934,                  1.602,                 3.1472,                 1.3334,                0.08837,                0.08235,                0.01459,                0.00602,                 2.1559,                 17.091,                 2.2638,                 2.0368,                 12.972,                 2.0434,              0.0099184,              0.0099184,              0.0099184
                      4,                 1.7164,                 2.6091,                 1.6064,                 1.7357,                 3.2782,                 1.4176,                0.07585,                0.14049,                0.04083,                0.01656,                 2.0822,                  7.419,                 2.2248,                 1.9502,                 5.3516,                 1.8702,              0.0099406,              0.0099406,              0.0099406
                      5,                 1.6554,                 2.4295,                 1.5719,                 1.7028,                 3.1012,                  1.406,                0.25337,                0.09881,                0.06551,                0.03035,                  1.943,                 3.2223,                 1.9067,                 1.8446,                   3.87,                  1.593,              0.0099406,              0.0099406,              0.0099406
                      6,                 1.5876,                 2.3083,                  1.517,                 1.6453,                  2.961,                 1.3703,                0.20466,                0.22891,                0.13244,                0.06564,                 1.7275,                 2.7951,                 1.6788,                 1.7349,                  3.383,                 1.4784,              0.0099208,              0.0099208,              0.0099208
                      7,                 1.5573,                 2.2285,                  1.499,                 1.6443,                 2.8228,                 1.3732,                0.23256,                0.18421,                0.12958,                0.06704,                 1.7593,                 2.9059,                 1.6701,                  1.746,                 3.4188,                 1.5144,               0.009901,               0.009901,               0.009901
                      8,                 1.5214,                 2.1553,                 1.4684,                 1.6276,                 2.7206,                 1.3513,                0.26605,                0.22954,                0.17007,                0.08901,                 1.7148,                 2.4646,                 1.5485,                  1.759,                 3.0144,                 1.4284,              0.0098812,              0.0098812,              0.0098812
                      9,                 1.4883,                 2.0783,                 1.4432,                 1.6093,                 2.6069,                 1.3343,                0.27682,                0.25544,                0.19412,                0.10067,                 1.6254,                 2.2549,                 1.5059,                 1.6898,                 2.7782,                 1.3979,              0.0098614,              0.0098614,              0.0098614
                     10,                 1.4825,                 2.0483,                 1.4293,                 1.5984,                 2.5312,                 1.3327,                0.37964,                0.30965,                0.26243,                 0.1469,                 1.5459,                 2.1017,                 1.4665,                 1.6194,                 2.5193,                 1.3659,              0.0098416,              0.0098416,              0.0098416
                     11,                 1.4579,                 1.9685,                 1.4136,                  1.589,                 2.4295,                 1.3274,                0.29565,                0.27989,                0.21875,                0.11751,                 1.5351,                 2.2202,                 1.4389,                 1.6163,                 2.6729,                 1.3397,              0.0098218,              0.0098218,              0.0098218
                     12,                 1.4378,                 1.9408,                 1.4086,                 1.5673,                 2.3785,                 1.3254,                0.31777,                0.30587,                 0.2506,                0.14032,                 1.5094,                 2.2044,                 1.4143,                 1.6139,                 2.7244,                 1.3523,               0.009802,               0.009802,               0.009802
                     13,                 1.4359,                 1.8984,                  1.394,                 1.5842,                 2.3234,                 1.3226,                0.38902,                0.35823,                0.32125,                0.18599,                 1.4605,                   1.92,                  1.395,                 1.5468,                 2.3304,                 1.3251,              0.0097822,              0.0097822,              0.0097822
                     14,                 1.4181,                 1.8844,                 1.3833,                  1.564,                 2.2946,                 1.3139,                0.41119,                0.36408,                0.33343,                0.19792,                 1.4223,                 1.8553,                 1.3955,                 1.5374,                 2.2571,                 1.3151,              0.0097624,              0.0097624,              0.0097624
                     15,                 1.3942,                 1.8598,                 1.3783,                 1.5451,                 2.2633,                 1.3152,                0.43915,                0.36919,                0.36198,                0.21063,                  1.439,                  1.816,                  1.361,                 1.5345,                 2.1576,                 1.2995,              0.0097426,              0.0097426,              0.0097426
                     16,                 1.3925,                 1.8261,                  1.369,                 1.5438,                 2.2306,                 1.3133,                0.46551,                0.33383,                0.33762,                0.19807,                 1.4514,                 1.8802,                 1.3846,                 1.5408,                 2.2342,                 1.3269,              0.0097228,              0.0097228,              0.0097228
                     17,                 1.3836,                 1.7989,                 1.3622,                 1.5425,                 2.1815,                 1.3066,                0.46705,                0.37421,                0.38109,                0.23251,                 1.4229,                 1.7487,                 1.3579,                 1.5325,                 2.0785,                 1.3016,               0.009703,               0.009703,               0.009703
                     18,                 1.3672,                 1.7849,                 1.3562,                 1.5321,                 2.1657,                 1.3085,                0.48903,                0.37658,                0.37895,                0.22418,                 1.4422,                 1.8366,                 1.3417,                 1.5675,                 2.1348,                 1.3087,              0.0096832,              0.0096832,              0.0096832
                     19,                  1.351,                 1.7536,                 1.3435,                 1.5052,                 2.1327,                 1.2958,                0.47681,                0.43994,                0.42945,                0.26298,                  1.364,                 1.6251,                 1.3203,                 1.4921,                 1.9367,                  1.277,              0.0096634,              0.0096634,              0.0096634
                     20,                 1.3536,                 1.7408,                 1.3493,                 1.5122,                 2.1209,                 1.2966,                0.52255,                0.37189,                0.40472,                0.24663,                 1.3798,                 1.7178,                 1.3168,                 1.4994,                 2.0204,                 1.2787,              0.0096436,              0.0096436,              0.0096436
                     21,                 1.3399,                 1.6951,                 1.3382,                 1.5102,                 2.0739,                 1.3012,                0.50547,                0.43721,                0.43276,                0.26764,                 1.3174,                 1.5675,                 1.2965,                 1.4389,                 1.8783,                 1.2647,              0.0096238,              0.0096238,              0.0096238
                     22,                 1.3394,                 1.6592,                 1.3277,                 1.5068,                 2.0297,                 1.2875,                0.51236,                0.38966,                0.40993,                0.25028,                 1.4109,                 1.7022,                 1.3406,                  1.507,                 2.0036,                 1.2948,               0.009604,               0.009604,               0.009604
                     23,                 1.3372,                 1.6522,                 1.3248,                 1.5098,                 2.0189,                 1.2832,                0.53937,                0.44072,                0.46154,                0.29016,                 1.3095,                 1.5309,                 1.2772,                 1.4534,                 1.8475,                 1.2494,              0.0095842,              0.0095842,              0.0095842
                     24,                 1.3125,                  1.636,                 1.3149,                 1.4818,                 2.0077,                 1.2738,                0.53155,                0.43551,                0.46046,                0.28767,                  1.347,                 1.5595,                 1.2958,                 1.4738,                 1.8795,                 1.2645,              0.0095644,              0.0095644,              0.0095644
                     25,                 1.3147,                 1.6178,                 1.3188,                 1.4802,                 1.9847,                 1.2857,                0.50564,                0.39546,                0.40573,                0.24833,                 1.3511,                 1.6218,                 1.2905,                 1.4929,                 1.9524,                  1.265,              0.0095446,              0.0095446,              0.0095446
                     26,                 1.3014,                 1.6194,                  1.314,                 1.4737,                 1.9759,                 1.2873,                0.50829,                0.41505,                0.42723,                0.26878,                 1.3389,                 1.6068,                 1.2937,                 1.4804,                  1.905,                 1.2709,              0.0095248,              0.0095248,              0.0095248
                     27,                 1.3001,                 1.6151,                 1.3015,                 1.4765,                 1.9754,                 1.2705,                0.54933,                0.42324,                0.45184,                0.28493,                 1.3551,                 1.5856,                 1.3255,                   1.48,                 1.8841,                  1.287,               0.009505,               0.009505,               0.009505
                     28,                 1.3026,                 1.5821,                  1.309,                 1.4683,                 1.9446,                 1.2742,                0.57235,                0.47009,                0.49124,                0.31129,                 1.2959,                 1.4635,                 1.2651,                 1.4286,                 1.7849,                  1.239,              0.0094852,              0.0094852,              0.0094852
                     29,                 1.2986,                  1.577,                 1.3027,                  1.466,                 1.9371,                 1.2765,                0.57135,                0.47964,                0.51186,                0.32107,                 1.2838,                 1.4024,                 1.2534,                 1.4237,                 1.6893,                  1.235,              0.0094654,              0.0094654,              0.0094654
                     30,                 1.2947,                 1.5478,                 1.2956,                 1.4705,                  1.915,                 1.2631,                0.57104,                0.48728,                0.51822,                0.33802,                 1.2499,                 1.3558,                 1.2228,                 1.3943,                 1.6649,                 1.2162,              0.0094456,              0.0094456,              0.0094456
                     31,                 1.2839,                 1.5523,                  1.298,                 1.4624,                  1.918,                 1.2703,                0.55676,                0.43394,                0.46795,                0.29639,                 1.3283,                 1.5239,                 1.3051,                 1.4531,                 1.8612,                 1.2601,              0.0094258,              0.0094258,              0.0094258
                     32,                 1.2753,                 1.5442,                 1.2941,                 1.4548,                 1.9009,                 1.2669,                0.59865,                0.50208,                0.54862,                0.36108,                 1.2291,                 1.3039,                 1.2102,                 1.3752,                  1.583,                 1.2054,               0.009406,               0.009406,               0.009406
                     33,                 1.2674,                 1.5145,                 1.2862,                 1.4402,                 1.8726,                 1.2678,                0.57824,                0.51546,                0.53738,                0.34855,                  1.245,                  1.333,                 1.2349,                 1.4007,                 1.6157,                 1.2237,              0.0093862,              0.0093862,              0.0093862
                     34,                 1.2693,                 1.5053,                 1.2856,                 1.4351,                 1.8629,                 1.2564,                0.59366,                0.51819,                0.55754,                0.36869,                 1.2243,                 1.3003,                 1.2208,                 1.3504,                 1.5904,                 1.1882,              0.0093664,              0.0093664,              0.0093664
                     35,                  1.263,                 1.5103,                 1.2817,                 1.4452,                  1.857,                 1.2565,                0.58262,                0.50243,                0.52662,                0.35135,                 1.2522,                  1.383,                 1.2352,                 1.3957,                 1.6334,                 1.2114,              0.0093466,              0.0093466,              0.0093466
                     36,                 1.2762,                 1.4914,                 1.2744,                  1.462,                  1.843,                  1.252,                0.58937,                0.48009,                0.52077,                0.34303,                 1.2437,                 1.3504,                 1.2306,                 1.3711,                 1.6418,                 1.2023,              0.0093268,              0.0093268,              0.0093268
                     37,                 1.2617,                 1.4741,                 1.2816,                 1.4366,                 1.8341,                 1.2638,                0.61862,                0.54259,                0.58794,                0.38112,                 1.2138,                 1.2533,                 1.2038,                 1.3752,                 1.5238,                 1.1985,               0.009307,               0.009307,               0.009307
                     38,                 1.2649,                 1.4752,                 1.2837,                 1.4456,                 1.8305,                 1.2623,                0.62473,                0.48908,                0.52504,                0.33648,                 1.2414,                  1.432,                 1.2319,                 1.3843,                 1.7299,                  1.221,              0.0092872,              0.0092872,              0.0092872
                     39,                 1.2403,                 1.4585,                 1.2698,                 1.4136,                 1.8049,                 1.2486,                 0.6109,                 0.5308,                0.56562,                0.37172,                 1.2215,                 1.2645,                  1.218,                 1.3816,                 1.5342,                 1.2066,              0.0092674,              0.0092674,              0.0092674
                     40,                 1.2424,                 1.4581,                 1.2693,                  1.429,                 1.8083,                 1.2491,                 0.6426,                0.54713,                 0.6028,                0.40217,                 1.1731,                 1.1891,                 1.1725,                 1.3355,                 1.4869,                 1.1711,              0.0092476,              0.0092476,              0.0092476
                     41,                  1.232,                   1.43,                 1.2593,                 1.4224,                 1.7783,                 1.2422,                0.66406,                   0.53,                 0.5982,                0.40742,                 1.1694,                 1.1709,                 1.1714,                 1.3175,                 1.4629,                 1.1668,              0.0092278,              0.0092278,              0.0092278
                     42,                 1.2196,                 1.4134,                  1.255,                 1.4039,                 1.7608,                 1.2382,                0.62954,                0.51204,                 0.5747,                0.37847,                 1.2008,                 1.2479,                 1.2047,                 1.3616,                 1.5245,                 1.2022,               0.009208,               0.009208,               0.009208
                     43,                 1.2421,                 1.4359,                  1.266,                 1.4231,                 1.7867,                 1.2447,                0.66691,                0.55758,                0.62162,                0.42309,                 1.1505,                 1.1302,                  1.162,                 1.3122,                 1.3997,                 1.1616,              0.0091882,              0.0091882,              0.0091882
                     44,                 1.2407,                  1.424,                  1.266,                 1.4215,                 1.7736,                 1.2462,                0.67023,                0.58622,                0.64407,                0.42991,                 1.1696,                 1.1053,                 1.1635,                 1.3239,                  1.379,                 1.1553,              0.0091684,              0.0091684,              0.0091684
                     45,                 1.2265,                 1.4055,                 1.2571,                 1.4191,                 1.7568,                 1.2377,                0.68018,                0.58075,                0.64599,                0.43433,                 1.1503,                 1.0992,                 1.1647,                  1.316,                 1.3505,                 1.1626,              0.0091486,              0.0091486,              0.0091486
                     46,                 1.2253,                 1.3934,                 1.2548,                  1.417,                 1.7454,                 1.2392,                0.67165,                0.56753,                0.63466,                0.43403,                 1.1501,                 1.1031,                 1.1546,                 1.3092,                  1.361,                 1.1626,              0.0091288,              0.0091288,              0.0091288
                     47,                 1.2233,                  1.392,                 1.2509,                 1.3973,                 1.7526,                 1.2337,                0.66959,                0.57232,                0.63334,                0.42769,                 1.1525,                 1.1085,                 1.1577,                 1.2994,                 1.3856,                 1.1593,               0.009109,               0.009109,               0.009109
                     48,                 1.2261,                 1.3976,                 1.2544,                  1.408,                 1.7477,                 1.2346,                0.66711,                 0.5815,                0.63965,                0.42631,                 1.1391,                 1.1013,                 1.1643,                 1.3027,                 1.3741,                  1.165,              0.0090892,              0.0090892,              0.0090892
                     49,                 1.2237,                  1.385,                 1.2512,                 1.4089,                 1.7364,                 1.2336,                0.68017,                 0.5765,                 0.6448,                0.44652,                 1.1183,                 1.0988,                 1.1402,                 1.2815,                 1.3828,                 1.1446,              0.0090694,              0.0090694,              0.0090694
                     50,                 1.2069,                 1.3703,                 1.2484,                 1.3943,                  1.718,                 1.2341,                0.68306,                0.60974,                0.66958,                0.46218,                 1.1084,                  1.024,                 1.1399,                  1.283,                 1.2655,                 1.1476,              0.0090496,              0.0090496,              0.0090496
                     51,                 1.2154,                 1.3668,                 1.2467,                 1.3962,                  1.717,                 1.2296,                0.65847,                0.56466,                0.62941,                0.43118,                 1.1506,                 1.1239,                 1.1554,                 1.3108,                 1.3553,                 1.1524,              0.0090298,              0.0090298,              0.0090298
                     52,                 1.2133,                 1.3608,                 1.2447,                 1.3992,                 1.7113,                 1.2273,                0.68045,                0.57316,                0.65281,                0.45091,                 1.1123,                 1.0459,                 1.1293,                 1.2745,                 1.2967,                 1.1311,                0.00901,                0.00901,                0.00901
                     53,                 1.2129,                 1.3471,                 1.2387,                 1.3913,                 1.6909,                 1.2199,                0.68021,                0.56949,                0.64074,                 0.4375,                 1.1305,                 1.0673,                  1.146,                 1.2931,                  1.345,                 1.1512,              0.0089902,              0.0089902,              0.0089902
                     54,                 1.1989,                 1.3464,                 1.2364,                 1.3844,                 1.6948,                 1.2228,                0.66727,                 0.5798,                0.64272,                0.44582,                 1.1168,                 1.0802,                 1.1357,                 1.2822,                 1.3289,                 1.1416,              0.0089704,              0.0089704,              0.0089704
                     55,                 1.1966,                 1.3317,                 1.2307,                 1.3896,                 1.6849,                 1.2205,                 0.7092,                0.60432,                0.68458,                0.47674,                 1.0842,                0.98345,                 1.1158,                 1.2575,                   1.24,                 1.1247,              0.0089506,              0.0089506,              0.0089506
                     56,                 1.2032,                  1.326,                 1.2424,                 1.3919,                 1.6706,                 1.2305,                0.70322,                0.60492,                0.67984,                0.47667,                 1.0974,                 1.0453,                 1.1172,                 1.2566,                 1.3062,                 1.1224,              0.0089308,              0.0089308,              0.0089308
                     57,                 1.2024,                 1.3285,                 1.2384,                 1.3911,                  1.682,                 1.2256,                0.70136,                0.61221,                0.68881,                0.48221,                 1.0768,                0.99088,                 1.1175,                 1.2465,                 1.2598,                 1.1328,               0.008911,               0.008911,               0.008911
                     58,                 1.1911,                 1.3268,                 1.2337,                 1.3759,                 1.6638,                 1.2213,                0.71228,                0.64433,                0.70642,                0.49884,                 1.0702,                0.94933,                  1.109,                 1.2288,                 1.1854,                 1.1159,              0.0088912,              0.0088912,              0.0088912
                     59,                 1.1919,                  1.319,                 1.2292,                 1.3842,                 1.6648,                 1.2188,                0.71689,                0.62566,                0.70146,                 0.4954,                 1.0795,                0.97999,                 1.1025,                 1.2426,                 1.2125,                  1.116,              0.0088714,              0.0088714,              0.0088714
                     60,                 1.1809,                 1.3076,                 1.2256,                 1.3712,                 1.6518,                 1.2159,                0.71222,                0.62954,                0.69691,                0.49093,                 1.0678,                 0.9819,                  1.104,                 1.2457,                 1.2348,                 1.1123,              0.0088516,              0.0088516,              0.0088516
                     61,                 1.1859,                 1.2937,                 1.2265,                 1.3787,                 1.6322,                 1.2158,                0.72484,                0.64148,                0.71477,                 0.5036,                 1.0608,                0.94159,                 1.1043,                 1.2241,                 1.1785,                 1.1144,              0.0088318,              0.0088318,              0.0088318
                     62,                 1.1843,                 1.2904,                 1.2301,                 1.3765,                  1.624,                 1.2231,                0.70586,                0.62816,                0.69554,                0.49314,                 1.0642,                0.96581,                 1.1025,                 1.2396,                 1.1985,                 1.1203,               0.008812,               0.008812,               0.008812
                     63,                   1.17,                 1.2782,                 1.2197,                  1.372,                 1.6149,                 1.2152,                 0.7104,                0.58935,                0.66873,                0.47422,                 1.0808,                 1.0509,                 1.1178,                  1.258,                 1.3221,                 1.1299,              0.0087922,              0.0087922,              0.0087922
                     64,                 1.1698,                  1.278,                  1.219,                 1.3612,                 1.6169,                 1.2166,                0.74643,                0.62951,                0.71514,                 0.5076,                 1.0538,                  0.935,                 1.1005,                 1.2406,                 1.1565,                 1.1147,              0.0087724,              0.0087724,              0.0087724
                     65,                 1.1865,                 1.2902,                 1.2228,                  1.377,                 1.6252,                 1.2152,                0.74755,                0.64594,                 0.7303,                0.52405,                 1.0375,                0.92319,                 1.0916,                 1.2011,                 1.1549,                 1.1032,              0.0087526,              0.0087526,              0.0087526
                     66,                 1.1835,                 1.2763,                 1.2224,                 1.3744,                 1.6238,                 1.2143,                0.73366,                0.63146,                0.71564,                0.50816,                 1.0539,                0.98749,                 1.0972,                 1.2139,                  1.258,                 1.1048,              0.0087328,              0.0087328,              0.0087328
                     67,                 1.1732,                 1.2598,                 1.2187,                 1.3614,                 1.5946,                 1.2105,                0.74115,                0.65136,                0.73419,                0.52698,                  1.043,                0.89566,                 1.0828,                 1.2095,                 1.1157,                 1.0956,               0.008713,               0.008713,               0.008713
                     68,                  1.183,                 1.2766,                 1.2208,                 1.3865,                 1.6166,                 1.2124,                0.76503,                0.62442,                0.73213,                0.53036,                 1.0369,                0.90861,                 1.0848,                 1.2129,                 1.1347,                 1.0973,              0.0086932,              0.0086932,              0.0086932
                     69,                 1.1685,                 1.2626,                 1.2165,                 1.3639,                 1.6117,                 1.2117,                 0.7605,                0.63179,                0.72954,                0.52323,                 1.0325,                0.89448,                 1.0845,                 1.2056,                 1.1233,                 1.1047,              0.0086734,              0.0086734,              0.0086734
                     70,                 1.1703,                  1.252,                 1.2178,                 1.3629,                 1.5948,                 1.2103,                0.75022,                0.64363,                0.73362,                0.52617,                 1.0362,                0.90412,                 1.0848,                 1.1943,                  1.132,                  1.096,              0.0086536,              0.0086536,              0.0086536
                     71,                 1.1683,                  1.242,                 1.2131,                 1.3611,                 1.5748,                 1.2061,                0.75767,                0.64727,                0.74278,                0.53983,                 1.0259,                0.88968,                 1.0753,                 1.1905,                 1.1099,                 1.0881,              0.0086338,              0.0086338,              0.0086338
                     72,                 1.1592,                 1.2357,                 1.2111,                 1.3564,                 1.5712,                 1.2061,                0.74906,                0.63091,                0.71932,                0.51606,                 1.0397,                0.93139,                 1.0852,                 1.2133,                  1.163,                 1.1041,               0.008614,               0.008614,               0.008614
                     73,                 1.1582,                 1.2472,                 1.2112,                  1.347,                 1.5849,                 1.2086,                0.73963,                0.66336,                0.74006,                 0.5356,                 1.0164,                0.86933,                 1.0706,                 1.1901,                 1.0987,                 1.0894,              0.0085942,              0.0085942,              0.0085942
                     74,                 1.1532,                 1.2404,                 1.2077,                 1.3487,                 1.5706,                 1.2019,                0.77241,                0.66695,                0.75155,                0.54539,                 1.0165,                0.87458,                 1.0794,                 1.1817,                 1.0848,                  1.095,              0.0085744,              0.0085744,              0.0085744
                     75,                 1.1523,                 1.2248,                 1.2058,                 1.3431,                 1.5588,                 1.2042,                0.77166,                0.66388,                0.75755,                0.55303,                 1.0187,                0.85137,                 1.0737,                 1.1841,                 1.0634,                 1.0882,              0.0085546,              0.0085546,              0.0085546
                     76,                 1.1599,                 1.2206,                 1.2074,                 1.3491,                 1.5642,                 1.2022,                0.76601,                0.65811,                0.75144,                0.54974,                 1.0135,                0.85089,                 1.0765,                 1.1807,                 1.0672,                 1.0943,              0.0085348,              0.0085348,              0.0085348
                     77,                 1.1552,                 1.2308,                 1.2049,                 1.3523,                 1.5706,                 1.2023,                 0.7778,                0.65701,                0.75285,                 0.5508,                  1.005,                 0.8585,                 1.0666,                 1.1822,                  1.086,                 1.0867,               0.008515,               0.008515,               0.008515
                     78,                 1.1595,                 1.2271,                 1.2121,                  1.351,                 1.5724,                 1.2052,                0.79973,                0.67632,                0.77729,                0.56714,                0.99173,                0.81728,                 1.0606,                 1.1654,                 1.0407,                 1.0799,              0.0084952,              0.0084952,              0.0084952
                     79,                 1.1446,                 1.2025,                 1.2002,                   1.34,                 1.5387,                 1.1999,                0.77246,                0.69712,                0.77301,                0.56365,                0.99176,                0.81396,                 1.0621,                 1.1683,                 1.0246,                 1.0837,              0.0084754,              0.0084754,              0.0084754
                     80,                 1.1507,                 1.2135,                 1.2043,                 1.3389,                 1.5477,                 1.1955,                0.76088,                0.69003,                0.77562,                0.56281,                0.99917,                 0.8223,                 1.0647,                 1.1675,                 1.0429,                 1.0847,              0.0084556,              0.0084556,              0.0084556
                     81,                  1.155,                 1.2206,                 1.2071,                 1.3493,                 1.5592,                 1.2028,                0.76342,                0.68867,                0.77158,                0.56149,                0.99165,                0.82942,                 1.0575,                 1.1679,                 1.0443,                 1.0773,              0.0084358,              0.0084358,              0.0084358
                     82,                 1.1462,                 1.2054,                 1.2053,                  1.347,                 1.5397,                 1.2053,                0.78551,                0.68869,                0.78026,                0.57498,                0.97685,                0.80834,                 1.0567,                 1.1555,                 1.0121,                   1.08,               0.008416,               0.008416,               0.008416
                     83,                  1.148,                 1.1933,                 1.1999,                 1.3467,                 1.5202,                 1.1947,                0.77229,                0.69745,                0.77908,                0.57305,                0.98328,                0.79805,                 1.0527,                 1.1587,                0.99817,                 1.0748,              0.0083962,              0.0083962,              0.0083962
                     84,                  1.143,                 1.1992,                 1.2023,                 1.3361,                 1.5396,                 1.1979,                0.80025,                0.68828,                0.78071,                0.57477,                 0.9801,                0.80451,                 1.0544,                 1.1576,                 1.0258,                 1.0777,              0.0083764,              0.0083764,              0.0083764
                     85,                 1.1512,                 1.2013,                 1.2052,                 1.3512,                 1.5327,                 1.1991,                0.80722,                0.68201,                0.78306,                0.58207,                0.96908,                 0.7858,                 1.0461,                 1.1447,                0.99599,                 1.0668,              0.0083566,              0.0083566,              0.0083566
                     86,                  1.145,                 1.1922,                 1.1997,                 1.3371,                 1.5293,                 1.1966,                 0.7995,                0.68726,                0.79255,                0.58935,                  0.966,                 0.7782,                 1.0459,                 1.1386,                0.98056,                 1.0665,              0.0083368,              0.0083368,              0.0083368
                     87,                 1.1375,                 1.1808,                 1.1933,                 1.3461,                  1.515,                 1.1909,                0.80372,                0.69791,                0.79163,                 0.5857,                 0.9734,                 0.7822,                 1.0456,                 1.1485,                0.99773,                 1.0669,               0.008317,               0.008317,               0.008317
                     88,                 1.1324,                 1.1727,                 1.1923,                 1.3226,                 1.5042,                 1.1915,                0.80822,                0.70422,                0.79383,                0.58925,                0.96832,                0.76937,                   1.04,                 1.1438,                0.97296,                  1.062,              0.0082972,              0.0082972,              0.0082972
                     89,                  1.136,                 1.1902,                 1.1932,                  1.335,                  1.529,                 1.1898,                0.82206,                0.70484,                0.80185,                0.59708,                0.95757,                0.76962,                 1.0356,                  1.139,                0.96017,                  1.059,              0.0082774,              0.0082774,              0.0082774
                     90,                 1.1308,                 1.1761,                 1.1958,                 1.3321,                 1.5054,                 1.1953,                0.81426,                0.70899,                0.80209,                 0.5983,                 0.9589,                0.75209,                  1.036,                 1.1273,                0.95674,                 1.0559,              0.0082576,              0.0082576,              0.0082576
                     91,                 1.1408,                 1.1803,                 1.1935,                 1.3387,                 1.5142,                   1.19,                0.80784,                0.71148,                0.80323,                0.59984,                0.95403,                0.74912,                 1.0324,                 1.1279,                0.94744,                 1.0579,              0.0082378,              0.0082378,              0.0082378
                     92,                 1.1339,                 1.1663,                 1.1905,                 1.3403,                 1.4872,                 1.1904,                0.79628,                0.71818,                0.79979,                0.60171,                 0.9515,                0.75556,                 1.0328,                 1.1279,                0.95847,                 1.0569,               0.008218,               0.008218,               0.008218
                     93,                 1.1307,                 1.1757,                  1.198,                 1.3275,                 1.5018,                 1.1983,                0.81103,                0.71465,                0.81053,                0.60842,                0.95139,                0.74488,                 1.0353,                 1.1158,                0.94129,                  1.053,              0.0081982,              0.0081982,              0.0081982
                     94,                 1.1225,                 1.1477,                 1.1868,                 1.3201,                 1.4726,                 1.1851,                0.81671,                0.70724,                0.80695,                0.60823,                0.94906,                0.75017,                 1.0341,                 1.1138,                0.94745,                 1.0521,              0.0081784,              0.0081784,              0.0081784
                     95,                 1.1266,                 1.1638,                 1.1883,                 1.3276,                 1.4954,                 1.1887,                0.82788,                0.71411,                0.81089,                0.61155,                0.94059,                0.73016,                 1.0274,                  1.105,                0.93239,                 1.0445,              0.0081586,              0.0081586,              0.0081586
                     96,                 1.1162,                 1.1521,                 1.1873,                 1.3052,                 1.4772,                 1.1826,                0.81299,                0.72305,                 0.8105,                0.61538,                0.93563,                0.72814,                 1.0218,                 1.1028,                0.91906,                 1.0399,              0.0081388,              0.0081388,              0.0081388
                     97,                 1.1262,                 1.1649,                 1.1849,                 1.3336,                 1.4889,                 1.1856,                0.81672,                0.72338,                0.81311,                0.61688,                0.93368,                0.72832,                 1.0201,                 1.1036,                0.91839,                 1.0388,               0.008119,               0.008119,               0.008119
                     98,                 1.1158,                  1.145,                 1.1842,                 1.3074,                 1.4698,                 1.1809,                0.82384,                0.72497,                0.81701,                0.61603,                 0.9343,                0.73747,                 1.0211,                 1.1014,                0.92059,                 1.0374,              0.0080992,              0.0080992,              0.0080992
                     99,                 1.1179,                 1.1342,                 1.1804,                 1.3202,                  1.464,                 1.1823,                 0.8222,                0.73215,                0.81944,                0.61999,                0.92991,                0.72636,                 1.0213,                 1.0999,                0.90976,                 1.0432,              0.0080794,              0.0080794,              0.0080794
                    100,                 1.1294,                 1.1612,                 1.1913,                 1.3232,                 1.4798,                 1.1874,                0.82815,                0.72223,                0.81809,                0.61847,                 0.9322,                0.72686,                 1.0224,                 1.0998,                 0.9121,                 1.0428,              0.0080596,              0.0080596,              0.0080596
                    101,                 1.1252,                 1.1458,                 1.1842,                  1.318,                 1.4816,                 1.1807,                0.83042,                0.72492,                0.82105,                 0.6219,                0.92494,                0.71908,                 1.0209,                 1.0937,                0.90111,                 1.0411,              0.0080398,              0.0080398,              0.0080398
                    102,                 1.1139,                 1.1443,                 1.1809,                 1.3121,                 1.4672,                 1.1815,                0.82183,                0.74476,                0.82945,                0.63227,                0.91334,                0.70685,                 1.0132,                 1.0826,                0.87894,                 1.0335,                0.00802,                0.00802,                0.00802
                    103,                 1.1132,                 1.1389,                 1.1817,                   1.32,                 1.4619,                 1.1821,                 0.8424,                0.72278,                0.82616,                0.62849,                0.91668,                0.71098,                 1.0124,                 1.0881,                 0.8882,                 1.0353,              0.0080002,              0.0080002,              0.0080002
                    104,                 1.1118,                 1.1395,                 1.1766,                 1.3078,                 1.4505,                 1.1724,                0.81966,                0.73587,                0.82806,                0.62977,                0.91865,                0.70822,                 1.0105,                 1.0881,                0.88529,                 1.0331,              0.0079804,              0.0079804,              0.0079804
                    105,                 1.1148,                 1.1355,                 1.1792,                 1.3117,                 1.4617,                   1.18,                0.81771,                0.74823,                0.83141,                0.63656,                0.91623,                0.70152,                 1.0135,                 1.0835,                0.88075,                 1.0341,              0.0079606,              0.0079606,              0.0079606
                    106,                 1.1182,                 1.1298,                 1.1795,                 1.3197,                 1.4502,                 1.1819,                0.84551,                0.73114,                0.83296,                0.64049,                0.90788,                0.68848,                 1.0093,                  1.077,                0.85392,                 1.0315,              0.0079408,              0.0079408,              0.0079408
                    107,                 1.0989,                 1.1198,                 1.1722,                 1.3091,                 1.4326,                  1.175,                0.83698,                 0.7461,                0.83453,                0.63877,                0.90214,                0.69437,                 1.0067,                  1.073,                0.86965,                 1.0305,               0.007921,               0.007921,               0.007921
                    108,                 1.1011,                 1.1167,                  1.178,                 1.2977,                 1.4278,                 1.1798,                0.84655,                  0.743,                0.83634,                 0.6411,                0.90254,                0.68521,                 1.0055,                 1.0775,                0.85171,                 1.0278,              0.0079012,              0.0079012,              0.0079012
                    109,                 1.1053,                 1.1245,                 1.1747,                 1.3086,                 1.4373,                 1.1769,                 0.8405,                0.74136,                 0.8341,                0.63927,                0.90236,                0.68781,                 1.0065,                 1.0795,                0.86555,                 1.0287,              0.0078814,              0.0078814,              0.0078814
                    110,                 1.1037,                 1.1106,                  1.175,                 1.3052,                 1.4325,                 1.1764,                  0.826,                0.74659,                0.83554,                0.64149,                0.89833,                 0.6841,                 1.0025,                  1.071,                0.85779,                 1.0236,              0.0078616,              0.0078616,              0.0078616
                    111,                 1.1136,                 1.1129,                 1.1784,                 1.3159,                 1.4251,                 1.1804,                0.84252,                0.74543,                0.83725,                0.64072,                0.89952,                0.68261,                 1.0033,                 1.0719,                0.85197,                 1.0241,              0.0078418,              0.0078418,              0.0078418
                    112,                 1.0979,                 1.1162,                 1.1785,                 1.2989,                 1.4355,                 1.1787,                0.83349,                0.75444,                0.83919,                0.64323,                0.89639,                0.67702,                  1.001,                  1.065,                0.85363,                 1.0212,               0.007822,               0.007822,               0.007822
                    113,                 1.0998,                 1.1147,                 1.1705,                 1.2983,                 1.4256,                 1.1704,                0.85067,                0.74095,                0.84117,                0.64106,                0.89664,                0.67566,                 1.0012,                 1.0728,                0.85528,                 1.0249,              0.0078022,              0.0078022,              0.0078022
                    114,                 1.1001,                 1.1016,                 1.1711,                 1.3071,                 1.4225,                 1.1745,                0.85218,                0.73808,                0.84093,                0.64289,                0.89574,                0.67391,                 1.0014,                 1.0738,                0.85481,                 1.0262,              0.0077824,              0.0077824,              0.0077824
                    115,                 1.1058,                 1.1128,                 1.1775,                 1.3086,                 1.4298,                 1.1774,                 0.8461,                0.74852,                0.83895,                0.64114,                 0.8941,                0.67589,                  1.003,                 1.0694,                0.85979,                 1.0256,              0.0077626,              0.0077626,              0.0077626
                    116,                 1.0988,                 1.0972,                 1.1704,                 1.3081,                 1.4127,                 1.1743,                0.84134,                0.75323,                0.84341,                0.64539,                0.89444,                0.67129,                 1.0013,                 1.0658,                0.84716,                 1.0219,              0.0077428,              0.0077428,              0.0077428
                    117,                 1.1065,                 1.1002,                 1.1739,                 1.3117,                 1.4241,                 1.1755,                 0.8452,                0.75112,                0.84478,                0.64755,                0.89231,                0.66343,                0.99711,                 1.0684,                0.83777,                 1.0218,               0.007723,               0.007723,               0.007723
                    118,                 1.1023,                 1.1071,                 1.1782,                 1.2969,                 1.4241,                  1.177,                0.82317,                0.75822,                0.84617,                0.64738,                0.88562,                0.66221,                 0.9938,                 1.0671,                0.83886,                 1.0202,              0.0077032,              0.0077032,              0.0077032
                    119,                 1.0998,                 1.0932,                 1.1715,                 1.3013,                  1.402,                 1.1766,                0.84869,                0.75064,                0.84688,                0.65031,                0.88222,                0.65589,                0.99439,                 1.0581,                0.82633,                 1.0176,              0.0076834,              0.0076834,              0.0076834
                    120,                 1.0973,                 1.0915,                 1.1687,                 1.2963,                 1.4071,                 1.1712,                0.83816,                0.76739,                0.85146,                0.65034,                0.88011,                0.65116,                0.99112,                  1.058,                0.82356,                 1.0163,              0.0076636,              0.0076636,              0.0076636
                    121,                 1.1062,                 1.0954,                 1.1731,                 1.3052,                 1.4156,                 1.1748,                0.85741,                0.74763,                0.84954,                0.65052,                0.87705,                 0.6531,                0.98975,                 1.0566,                0.82396,                 1.0169,              0.0076438,              0.0076438,              0.0076438
                    122,                 1.0952,                 1.0991,                  1.166,                 1.3036,                 1.4194,                 1.1705,                0.82835,                0.75857,                0.84507,                 0.6505,                0.87621,                0.65153,                 0.9885,                 1.0573,                0.82515,                 1.0151,               0.007624,               0.007624,               0.007624
                    123,                 1.0884,                 1.0913,                 1.1709,                 1.2836,                 1.4094,                 1.1739,                0.84732,                0.76668,                0.85274,                0.65844,                0.87043,                0.64222,                0.98778,                 1.0466,                0.81193,                 1.0109,              0.0076042,              0.0076042,              0.0076042
                    124,                 1.0878,                 1.0912,                 1.1683,                 1.2861,                 1.4107,                 1.1741,                0.85205,                0.76017,                0.85551,                0.66069,                0.86972,                0.64198,                0.98683,                 1.0399,                0.81788,                 1.0079,              0.0075844,              0.0075844,              0.0075844
                    125,                 1.0916,                 1.0826,                 1.1657,                 1.2971,                 1.4031,                  1.171,                0.85228,                0.76455,                0.85802,                0.66313,                0.86709,                0.63747,                0.98576,                 1.0374,                0.80734,                 1.0062,              0.0075646,              0.0075646,              0.0075646
                    126,                 1.0891,                 1.0801,                  1.168,                 1.2879,                 1.3957,                 1.1709,                0.84982,                0.76768,                0.85686,                0.66429,                 0.8666,                0.63632,                0.98501,                 1.0375,                0.80542,                 1.0063,              0.0075448,              0.0075448,              0.0075448
                    127,                 1.0885,                 1.0782,                 1.1653,                 1.2949,                 1.4001,                 1.1691,                0.86677,                0.77363,                0.85862,                0.66557,                0.86418,                0.63261,                0.98417,                 1.0364,                0.80184,                 1.0068,               0.007525,               0.007525,               0.007525
                    128,                 1.0915,                 1.0775,                 1.1693,                 1.2937,                 1.3878,                 1.1726,                0.86276,                0.77133,                0.86186,                0.67145,                0.85642,                0.62803,                0.98203,                 1.0273,                  0.791,                 1.0033,              0.0075052,              0.0075052,              0.0075052
                    129,                 1.0869,                 1.0743,                  1.163,                 1.2962,                 1.3842,                  1.167,                0.85458,                0.77577,                0.86017,                0.67022,                0.85525,                0.62801,                 0.9795,                 1.0264,                0.79254,                 1.0016,              0.0074854,              0.0074854,              0.0074854
                    130,                 1.0836,                  1.066,                 1.1587,                 1.2905,                 1.3733,                  1.164,                0.85627,                0.77458,                0.86367,                0.67103,                 0.8548,                0.62527,                0.97719,                 1.0257,                0.78774,                  1.001,              0.0074656,              0.0074656,              0.0074656
                    131,                  1.089,                 1.0587,                 1.1595,                 1.2974,                 1.3659,                 1.1694,                0.85159,                0.77825,                0.86407,                0.67332,                0.85557,                0.62313,                0.97548,                 1.0249,                0.78469,                0.99983,              0.0074458,              0.0074458,              0.0074458
                    132,                 1.0851,                 1.0713,                  1.158,                 1.2927,                 1.3762,                 1.1658,                0.85668,                0.77827,                0.86363,                0.67543,                0.85168,                 0.6192,                0.97449,                 1.0223,                0.77916,                0.99912,               0.007426,               0.007426,               0.007426
                    133,                 1.0696,                 1.0645,                 1.1571,                 1.2722,                  1.374,                 1.1633,                0.86273,                0.77705,                0.86326,                 0.6761,                0.84976,                0.61682,                 0.9748,                 1.0225,                0.77312,                0.99934,              0.0074062,              0.0074062,              0.0074062
                    134,                 1.0793,                 1.0676,                 1.1633,                 1.2989,                 1.3763,                 1.1701,                0.86444,                0.77394,                0.86736,                0.67935,                0.84895,                0.61355,                0.97551,                 1.0198,                0.77033,                0.99851,              0.0073864,              0.0073864,              0.0073864
                    135,                  1.084,                 1.0586,                 1.1604,                 1.2882,                 1.3637,                 1.1651,                0.86186,                0.78072,                0.86662,                  0.678,                0.84869,                0.61107,                0.97448,                  1.017,                0.77088,                0.99614,              0.0073666,              0.0073666,              0.0073666
                    136,                 1.0749,                 1.0607,                 1.1614,                 1.2773,                  1.368,                 1.1671,                0.85922,                0.78111,                0.86832,                0.68043,                0.84653,                0.60708,                0.97335,                 1.0178,                0.76275,                0.99676,              0.0073468,              0.0073468,              0.0073468
                    137,                 1.0629,                 1.0581,                 1.1556,                 1.2659,                 1.3731,                 1.1601,                0.85951,                0.78451,                0.86865,                0.68199,                0.84374,                0.60373,                0.97244,                 1.0141,                 0.7574,                0.99596,               0.007327,               0.007327,               0.007327
                    138,                 1.0723,                 1.0558,                  1.157,                 1.2744,                 1.3618,                 1.1606,                0.85391,                0.78402,                0.86871,                0.68088,                0.84538,                0.60361,                 0.9731,                 1.0084,                0.76356,                0.99496,              0.0073072,              0.0073072,              0.0073072
                    139,                  1.082,                 1.0484,                 1.1578,                 1.2926,                 1.3519,                 1.1641,                0.86448,                0.78377,                0.87012,                  0.682,                0.84178,                0.60138,                0.97186,                 1.0047,                0.75638,                0.99333,              0.0072874,              0.0072874,              0.0072874
                    140,                 1.0707,                 1.0509,                 1.1549,                 1.2768,                 1.3628,                  1.163,                0.87334,                0.77438,                0.87056,                0.68313,                0.83919,                0.60122,                0.97035,                 1.0055,                0.75251,                0.99442,              0.0072676,              0.0072676,              0.0072676
                    141,                  1.069,                 1.0473,                 1.1541,                 1.2777,                 1.3606,                 1.1613,                0.87756,                0.77367,                0.87233,                0.68549,                0.83564,                0.60039,                0.96764,                 1.0033,                0.74943,                0.99173,              0.0072478,              0.0072478,              0.0072478
                    142,                 1.0769,                 1.0529,                 1.1588,                  1.283,                 1.3643,                 1.1642,                0.86044,                0.78874,                0.87276,                0.68789,                0.83314,                0.59879,                0.96761,                0.99959,                0.75312,                0.98918,               0.007228,               0.007228,               0.007228
                    143,                 1.0733,                  1.045,                 1.1529,                 1.2789,                 1.3544,                 1.1575,                0.85231,                0.79972,                 0.8744,                0.68932,                0.83088,                0.59506,                0.96615,                0.99766,                0.74896,                 0.9885,              0.0072082,              0.0072082,              0.0072082
                    144,                 1.0666,                  1.033,                 1.1514,                  1.259,                 1.3444,                 1.1546,                0.86205,                0.78483,                0.87291,                0.68844,                0.82954,                0.59291,                 0.9655,                0.99685,                0.75169,                0.98757,              0.0071884,              0.0071884,              0.0071884
                    145,                 1.0587,                 1.0321,                 1.1468,                 1.2617,                 1.3458,                 1.1499,                0.86147,                0.78361,                0.87236,                0.68827,                0.82955,                0.59069,                0.96387,                0.99823,                0.74953,                0.98707,              0.0071686,              0.0071686,              0.0071686
                    146,                 1.0629,                 1.0311,                 1.1481,                 1.2678,                 1.3314,                  1.156,                0.86873,                0.77981,                0.87277,                0.68846,                0.82769,                0.58991,                0.96203,                0.99693,                0.75252,                0.98561,              0.0071488,              0.0071488,              0.0071488
                    147,                 1.0627,                 1.0382,                 1.1511,                 1.2578,                  1.349,                 1.1559,                0.86105,                0.78344,                0.87229,                0.68864,                0.82687,                0.58798,                0.96128,                0.99576,                0.75028,                0.98478,               0.007129,               0.007129,               0.007129
                    148,                 1.0822,                 1.0493,                 1.1523,                 1.2915,                 1.3664,                 1.1557,                0.86062,                0.78841,                0.87422,                0.69056,                0.82512,                0.58607,                0.96079,                0.99451,                0.74558,                0.98442,              0.0071092,              0.0071092,              0.0071092
                    149,                 1.0614,                 1.0226,                 1.1467,                 1.2639,                 1.3193,                  1.153,                0.86685,                0.78767,                0.87638,                0.69152,                0.82396,                0.58386,                0.96013,                0.99495,                0.73538,                 0.9858,              0.0070894,              0.0070894,              0.0070894
                    150,                  1.071,                   1.04,                 1.1488,                 1.2738,                  1.345,                 1.1558,                0.86413,                0.79407,                 0.8778,                0.69273,                0.82208,                 0.5822,                0.95783,                0.99148,                0.73511,                0.98507,              0.0070696,              0.0070696,              0.0070696
                    151,                 1.0652,                 1.0239,                 1.1505,                 1.2694,                 1.3278,                 1.1595,                0.86079,                0.79231,                0.87803,                0.69347,                 0.8213,                0.58009,                0.95666,                0.99234,                0.73523,                0.98446,              0.0070498,              0.0070498,              0.0070498
                    152,                 1.0663,                 1.0325,                 1.1487,                 1.2715,                 1.3395,                 1.1572,                0.86604,                0.78534,                0.87687,                0.69391,                0.82073,                0.57885,                0.95625,                0.99269,                0.73527,                0.98526,                0.00703,                0.00703,                0.00703
                    153,                 1.0635,                 1.0293,                 1.1471,                 1.2673,                  1.337,                 1.1527,                0.87344,                0.78696,                0.87823,                0.69555,                0.81851,                0.57759,                0.95592,                0.98935,                0.73704,                0.98348,              0.0070102,              0.0070102,              0.0070102
                    154,                 1.0525,                  1.013,                 1.1421,                 1.2679,                 1.3117,                 1.1535,                0.86815,                0.79111,                0.87952,                0.69727,                0.81796,                0.57566,                 0.9552,                0.98788,                0.73311,                0.98273,              0.0069904,              0.0069904,              0.0069904
                    155,                 1.0579,                  1.009,                 1.1452,                 1.2628,                 1.3204,                 1.1534,                0.87226,                0.78891,                0.88068,                0.69857,                0.81752,                0.57556,                0.95481,                0.98706,                0.72822,                 0.9817,              0.0069706,              0.0069706,              0.0069706
                    156,                 1.0496,                 1.0108,                 1.1391,                 1.2534,                 1.3173,                 1.1462,                0.87611,                 0.7919,                0.88227,                0.69943,                0.81531,                0.57421,                 0.9537,                  0.984,                0.72515,                0.98069,              0.0069508,              0.0069508,              0.0069508
                    157,                 1.0635,                 1.0167,                 1.1456,                 1.2796,                 1.3226,                 1.1555,                0.87396,                0.79603,                0.88272,                0.70093,                0.81325,                0.57125,                0.95277,                0.98328,                 0.7215,                0.98056,               0.006931,               0.006931,               0.006931
                    158,                 1.0512,                 1.0144,                 1.1427,                 1.2577,                 1.3126,                 1.1451,                0.88128,                0.79147,                0.88378,                0.70234,                0.81155,                0.57024,                0.95196,                0.98242,                0.72166,                 0.9807,              0.0069112,              0.0069112,              0.0069112
                    159,                 1.0594,                 1.0241,                 1.1446,                 1.2639,                 1.3214,                  1.151,                0.88186,                0.79312,                0.88451,                0.70248,                 0.8115,                 0.5691,                0.95202,                0.98177,                0.72017,                0.97896,              0.0068914,              0.0068914,              0.0068914
                    160,                 1.0502,                 1.0065,                 1.1417,                 1.2523,                 1.3074,                 1.1504,                0.89207,                0.78827,                0.88639,                0.70537,                0.80997,                0.56659,                0.95111,                0.98213,                0.71381,                0.97901,              0.0068716,              0.0068716,              0.0068716
                    161,                 1.0491,                 1.0064,                 1.1415,                 1.2565,                 1.3071,                 1.1479,                0.89368,                0.78851,                 0.8868,                0.70546,                0.80869,                0.56538,                0.95043,                0.98111,                0.70818,                0.97922,              0.0068518,              0.0068518,              0.0068518
                    162,                 1.0513,                 1.0042,                  1.143,                 1.2467,                 1.3004,                  1.149,                0.88692,                0.79126,                0.88638,                0.70589,                0.80796,                0.56412,                 0.9504,                 0.9794,                0.70758,                0.97893,               0.006832,               0.006832,               0.006832
                    163,                 1.0464,                 0.9952,                 1.1362,                 1.2599,                 1.2995,                 1.1432,                0.88151,                0.79953,                 0.8874,                0.70684,                0.80643,                0.56259,                0.94967,                0.97652,                0.70654,                0.97705,              0.0068122,              0.0068122,              0.0068122
                    164,                 1.0371,                 1.0013,                  1.138,                 1.2409,                 1.2931,                 1.1423,                0.88153,                0.80074,                0.88774,                0.70705,                0.80535,                 0.5624,                0.94924,                0.97496,                0.70731,                0.97571,              0.0067924,              0.0067924,              0.0067924
                    165,                 1.0499,                0.99878,                 1.1391,                 1.2498,                 1.2994,                 1.1476,                0.87611,                0.80543,                0.88695,                 0.7071,                0.80487,                0.56224,                0.94828,                0.97378,                0.70987,                0.97583,              0.0067726,              0.0067726,              0.0067726
                    166,                 1.0437,                0.99518,                  1.138,                 1.2426,                 1.2866,                  1.145,                0.88643,                0.79996,                0.88827,                0.70833,                0.80377,                0.56024,                0.94792,                0.97296,                0.70341,                0.97512,              0.0067528,              0.0067528,              0.0067528
                    167,                 1.0458,                 1.0048,                 1.1359,                 1.2494,                 1.3053,                 1.1462,                0.88599,                0.80104,                0.88864,                0.70933,                0.80257,                0.55842,                0.94741,                0.97105,                0.70099,                0.97324,               0.006733,               0.006733,               0.006733
                    168,                 1.0422,                0.99264,                 1.1359,                 1.2509,                 1.2927,                 1.1474,                0.87728,                0.80713,                0.88841,                0.71035,                0.80104,                0.55823,                0.94612,                0.96944,                0.70262,                0.97262,              0.0067132,              0.0067132,              0.0067132
                    169,                 1.0451,                0.99025,                  1.134,                  1.258,                 1.2855,                 1.1414,                0.87279,                0.81039,                0.88848,                0.71048,                0.80014,                0.55666,                0.94527,                0.96576,                0.70474,                0.97121,              0.0066934,              0.0066934,              0.0066934
                    170,                 1.0487,                0.99317,                 1.1393,                 1.2566,                 1.2902,                  1.149,                0.88378,                0.80261,                0.88886,                0.71091,                0.79879,                0.55473,                0.94451,                0.96492,                0.70486,                0.97086,              0.0066736,              0.0066736,              0.0066736
                    171,                 1.0446,                0.99982,                  1.137,                 1.2548,                 1.2824,                 1.1444,                0.87707,                0.81013,                 0.8902,                0.71196,                0.79854,                 0.5545,                0.94413,                0.96403,                0.70316,                0.97018,              0.0066538,              0.0066538,              0.0066538
                    172,                 1.0541,                0.99927,                   1.14,                  1.269,                 1.3034,                 1.1462,                0.87624,                0.80715,                0.89079,                0.71296,                 0.7966,                0.55267,                0.94374,                0.96035,                0.70019,                 0.9685,               0.006634,               0.006634,               0.006634
                    173,                 1.0415,                0.98025,                 1.1379,                 1.2474,                  1.279,                 1.1431,                0.87769,                0.80067,                0.89055,                0.71374,                0.79559,                0.55189,                0.94306,                0.95772,                0.70084,                0.96716,              0.0066142,              0.0066142,              0.0066142
                    174,                 1.0382,                0.98358,                 1.1331,                 1.2541,                 1.2779,                 1.1414,                0.87779,                0.80589,                0.89081,                0.71438,                0.79445,                0.54919,                0.94248,                0.95712,                0.69777,                0.96667,              0.0065944,              0.0065944,              0.0065944
                    175,                 1.0468,                0.99332,                 1.1386,                 1.2585,                 1.2887,                 1.1459,                0.87446,                0.80896,                0.89161,                0.71443,                0.79399,                0.54833,                0.94203,                 0.9558,                0.69607,                0.96662,              0.0065746,              0.0065746,              0.0065746
                    176,                 1.0423,                0.98399,                  1.134,                 1.2564,                 1.2702,                 1.1465,                0.88365,                0.80174,                0.89237,                0.71543,                0.79231,                0.54697,                0.94097,                0.95645,                0.69158,                 0.9665,              0.0065548,              0.0065548,              0.0065548
                    177,                 1.0424,                0.99015,                 1.1354,                 1.2461,                 1.2827,                  1.142,                 0.8734,                0.81094,                0.89288,                0.71638,                0.79144,                0.54637,                0.94032,                0.95612,                0.69059,                0.96629,               0.006535,               0.006535,               0.006535
                    178,                 1.0289,                0.97393,                 1.1268,                 1.2397,                 1.2648,                 1.1361,                0.87933,                0.80507,                0.89307,                0.71634,                0.79088,                0.54552,                 0.9399,                0.95537,                0.68877,                0.96648,              0.0065152,              0.0065152,              0.0065152
                    179,                 1.0405,                0.97731,                 1.1276,                 1.2612,                  1.273,                 1.1423,                0.87675,                 0.8101,                0.89432,                0.71778,                0.79005,                  0.545,                0.93941,                 0.9544,                0.68738,                0.96569,              0.0064954,              0.0064954,              0.0064954
                    180,                 1.0244,                 0.9644,                 1.1237,                 1.2272,                 1.2607,                 1.1341,                0.87357,                0.81113,                0.89558,                 0.7187,                0.78909,                0.54379,                0.93889,                0.95214,                0.68724,                0.96464,              0.0064756,              0.0064756,              0.0064756
                    181,                 1.0314,                0.97749,                 1.1326,                 1.2356,                 1.2709,                 1.1411,                0.87686,                0.81171,                0.89607,                0.72005,                0.78841,                0.54313,                0.93853,                0.95213,                0.68298,                0.96428,              0.0064558,              0.0064558,              0.0064558
                    182,                 1.0388,                0.98017,                 1.1337,                 1.2494,                 1.2719,                 1.1389,                 0.8784,                0.81359,                0.89652,                0.72088,                0.78728,                0.54225,                0.93798,                 0.9511,                0.68064,                0.96338,               0.006436,               0.006436,               0.006436
                    183,                 1.0239,                0.96149,                 1.1248,                 1.2302,                 1.2515,                 1.1343,                0.88136,                0.81461,                0.89604,                0.72076,                0.78649,                0.54065,                0.93756,                0.95017,                0.68044,                0.96295,              0.0064162,              0.0064162,              0.0064162
                    184,                 1.0432,                0.96934,                 1.1358,                   1.25,                 1.2657,                 1.1405,                0.88114,                0.81518,                0.89611,                0.72061,                0.78536,                0.53959,                0.93691,                0.94993,                0.67996,                0.96217,              0.0063964,              0.0063964,              0.0063964
                    185,                 1.0269,                0.95576,                 1.1263,                 1.2389,                 1.2481,                 1.1338,                0.88343,                0.81018,                0.89547,                 0.7211,                 0.7844,                0.53862,                0.93619,                0.95073,                 0.6792,                0.96202,              0.0063766,              0.0063766,              0.0063766
                    186,                  1.026,                0.96767,                 1.1281,                 1.2418,                 1.2594,                 1.1394,                 0.8786,                0.81399,                0.89648,                 0.7217,                0.78361,                0.53753,                0.93586,                0.95036,                0.67599,                0.96126,              0.0063568,              0.0063568,              0.0063568
                    187,                 1.0343,                0.97066,                 1.1287,                 1.2423,                 1.2651,                 1.1367,                0.88388,                0.81016,                0.89726,                0.72181,                0.78215,                0.53654,                0.93536,                 0.9492,                0.67466,                0.96026,               0.006337,               0.006337,               0.006337
                    188,                 1.0365,                0.96439,                  1.132,                 1.2491,                 1.2586,                 1.1424,                  0.874,                0.81695,                0.89727,                0.72231,                0.78083,                0.53567,                0.93494,                0.94745,                0.67463,                0.95995,              0.0063172,              0.0063172,              0.0063172
                    189,                 1.0355,                0.96944,                 1.1283,                 1.2466,                 1.2609,                 1.1392,                0.88064,                0.81427,                0.89819,                 0.7229,                0.78017,                0.53474,                0.93461,                  0.947,                0.67252,                   0.96,              0.0062974,              0.0062974,              0.0062974
                    190,                 1.0356,                0.96817,                 1.1294,                 1.2455,                  1.259,                 1.1369,                0.88308,                0.81176,                0.89853,                0.72316,                0.77991,                0.53426,                0.93438,                0.94654,                0.67232,                0.95966,              0.0062776,              0.0062776,              0.0062776
                    191,                 1.0301,                0.95795,                  1.126,                 1.2416,                 1.2577,                 1.1346,                0.87979,                0.81579,                0.89871,                0.72419,                0.77915,                0.53297,                0.93413,                0.94532,                0.67047,                0.95975,              0.0062578,              0.0062578,              0.0062578
                    192,                 1.0305,                 0.9641,                 1.1285,                 1.2382,                 1.2621,                 1.1338,                0.88271,                0.81639,                0.89882,                0.72515,                0.77831,                0.53195,                0.93382,                0.94437,                0.66743,                0.95968,               0.006238,               0.006238,               0.006238
                    193,                 1.0249,                0.96153,                 1.1257,                 1.2358,                 1.2538,                 1.1326,                0.88241,                 0.8164,                0.89904,                0.72606,                0.77737,                0.53141,                0.93346,                0.94349,                0.66617,                0.95953,              0.0062182,              0.0062182,              0.0062182
                    194,                 1.0283,                0.95361,                 1.1295,                 1.2405,                 1.2514,                 1.1411,                0.87532,                0.81976,                0.89956,                0.72673,                0.77665,                0.53105,                0.93308,                0.94288,                0.66542,                0.95873,              0.0061984,              0.0061984,              0.0061984
                    195,                 1.0243,                0.95779,                 1.1305,                 1.2312,                 1.2607,                 1.1405,                0.87881,                0.81757,                0.89987,                0.72714,                0.77589,                0.52997,                0.93294,                0.94092,                0.66434,                0.95857,              0.0061786,              0.0061786,              0.0061786
                    196,                 1.0229,                0.95323,                 1.1256,                 1.2323,                 1.2548,                 1.1369,                0.88618,                0.81302,                 0.9004,                0.72739,                0.77522,                 0.5296,                0.93269,                0.93996,                 0.6628,                0.95804,              0.0061588,              0.0061588,              0.0061588
                    197,                 1.0309,                0.96333,                 1.1267,                 1.2527,                 1.2651,                 1.1385,                0.89102,                0.81375,                0.90092,                0.72772,                0.77465,                0.52922,                0.93242,                0.93902,                0.66224,                0.95775,               0.006139,               0.006139,               0.006139
                    198,                 1.0209,                0.94976,                 1.1275,                 1.2291,                 1.2337,                 1.1367,                0.89168,                0.81178,                0.90092,                0.72756,                0.77419,                0.52889,                0.93218,                0.93697,                0.66304,                0.95694,              0.0061192,              0.0061192,              0.0061192
                    199,                 1.0209,                0.94232,                 1.1199,                 1.2337,                 1.2291,                 1.1296,                0.89082,                0.81089,                0.90094,                0.72763,                0.77364,                0.52802,                0.93199,                0.93601,                0.66217,                0.95637,              0.0060994,              0.0060994,              0.0060994
                    200,                 1.0354,                0.95441,                 1.1239,                 1.2401,                 1.2525,                 1.1309,                0.89316,                0.81168,                 0.9012,                0.72774,                0.77271,                0.52713,                0.93141,                0.93537,                0.66085,                0.95593,              0.0060796,              0.0060796,              0.0060796
                    201,                 1.0184,                0.93783,                  1.125,                 1.2273,                 1.2287,                 1.1341,                0.89751,                0.81103,                0.90173,                0.72868,                0.77188,                0.52625,                0.93097,                 0.9342,                0.66037,                0.95576,              0.0060598,              0.0060598,              0.0060598
